product,review
Laptop,The laptop is fast and reliable
Smartphone,The smartphone has a long battery life but the camera quality could be better
Headphones,These headphones provide excellent sound quality and are comfortable to wear
Coffee Maker,The coffee maker brews coffee quickly but the carafe is prone to spills
Fitness Tracker,The fitness tracker accurately tracks steps and sleep patterns
Television,The television has a great picture quality but the sound could be improved
Vacuum Cleaner,The vacuum cleaner has powerful suction and is easy to maneuver
Toaster,The toaster evenly toasts bread slices and has a sleek design
Laptop,I'm really disappointed with the laptop - it doesn't meet my expectations
Smartphone,The smartphone is average, neither impressive nor disappointing
Headphones,The headphones have a short cable and the sound quality is not satisfactory
Coffee Maker,The coffee maker makes weak coffee and the build quality is poor
Fitness Tracker,The fitness tracker is accurate in tracking steps but the battery life is short
Television,The television has a blurry picture and the remote control is unresponsive
Vacuum Cleaner,The vacuum cleaner is heavy and difficult to handle
Toaster,The toaster burns the bread slices unevenly and the buttons are hard to press
Laptop,The laptop performs well for gaming and multitasking
Smartphone,The smartphone has a sleek design but the battery drains quickly
Headphones,These headphones are uncomfortable to wear for long periods of time
Coffee Maker,The coffee maker has a stylish design but it takes a long time to brew coffee
Fitness Tracker,The fitness tracker provides useful insights for workouts